"Rodzaj";"Jednostka miary";"Stawka VAT";"Kod";"Nazwa";"Cena netto";"Kod klasyfikacji";"Uwagi";"Ostatnia cena zakupu";"Ostatnia data zakupu"
"Towar";"par";23%;"R-BAW";"RÊKAWICE - WK£ADY BAWE£NIANE RWKBLUX";"3,17";"";"";"2,17";"2025-10-27"
"Towar";"par";23%;"R-FISZ";"RÊKAWICE OCHRONNE FISHING";"14,63";"";"";"11,35";"2024-12-05"
"Towar";"par";23%;"R-REXG";"RÊKAWICE ROBOCZE REXG";"5,69";"";"";"4,20";"2023-06-27"
"Towar";"szt";23%;"CZAPDOÆ";"CZAPKA ROBOCZA DRELICHOWA OCIEPLANA";"11,38";"";"";"6,35";"2021-01-26"
"Towar";"szt";23%;"F129";"FARTUCH DAMSKI M-129";"48,78";"";"";"37,06";"2025-11-20"
"Towar";"par";23%;"BGM";"BUTY  GUMOWE MÊSKIE DEMAR GRAND 0152";"36,59";"";"";"25,93";"2025-10-15"
"Towar";"kompl";23%;"KOMP/D";"KOMPLET PCV PRZECIWDESZCZOWY KURTKA +SPODNIE";"39,83";"";"";"29,88";"2023-06-20"
"Towar";"szt";23%;"FP£B";"FARTUCH  P£ÓCIENNY BIA£Y";"39,03";"";"";"24,00";"2024-07-26"
"Towar";"kompl";23%;"WK£ADY";"W£ADY POCH£ANIAJ¥CE DO MASEK PRZECIWGAZOWYCH";"50,40";"";"";"34,56";"2022-04-21"
"Towar";"par";23%;"BTROP";"OBUWIE GUMOWE MÊSKI TROP,WORKER";"145,52";"";"";"109,65";"2025-10-15"
"Towar";"szt";23%;"ZAPASKA";"ZAPASKA P£ÓCIENNA";"15,45";"";"";"10,00";"2025-09-16"
"Towar";"szt";23%;"OGRMASTER";"OGRODNICZKI MASTER";"43,90";"";"";"28,46";"2024-05-09"
"Towar";"szt";23%;"BGUMOFILCE";" BUTY GUMOFILCE-BF-PCV";"39,84";"";"";"29,90";"2025-10-15"
"Towar";"szt";23%;"SPP";"SPODNIE P£ÓCIENNE PIEKARNICZE";"35,77";"";"";"22,00";"2025-08-14"
"Towar";"szt";23%;"BLK";"BLUZA P£ÓCIENNA KUCHARSKA - ROZPINANA";"37,40";"";"";"22,00";"2025-08-14"
"Towar";"szt";23%;"T-SHIRT";"PODKOSZULEK T-SHIRT";"19,51";"";"";"8,24";"2026-01-22"
"Towar";"szt";23%;"KAMODBLASK";"KAMIZELKA ODBLASKOWA  URG-VEST ¯Ó£TA POMARAÑCZOWA";"9,76";"";"";"4,07";"2025-07-16"
"Towar";"par";23%;"R-TOPER";"RÊKAWICE ROBOCZE 1201 TOPER z koziej skóry monter.";"7,72";"";"";"3,74";"2025-12-18"
"Towar";"szt";23%;"BLFOREST";"BLUZA ROBOCZA FOREST";"52,85";"";"";"40,75";"2017-05-17"
"Towar";"par";23%;"SPHARVER";"SPODNIE ROBOCZE LH - HARVER";"125,20";"";"";"95,20";"2024-07-05"
"Towar";"szt";23%;"N1";"NAUSZNIKI PELTOR I";"83,73";"";"";"58,87";"2022-12-08"
"Towar";"szt";23%;"KOMMAL1";"KOMBINEZON MALARSKI";"12,54";"";"";"3,64";"2025-07-16"
"Towar";"par";23%;"OGRFOREST";"OGRODNICZKI FOREST";"52,85";"";"";"39,45";"2016-09-07"
"Towar";"par";23%;"NAKONYB";"NAKOLANNIKI ONYB, NAKT";"19,51";"";"";"13,19";"2025-08-12"
"Towar";"szt";23%;"KASK3";"UNIVER-KASk- HE£M OCHRONNY SH-001 i WALTER, kaspe";"23,58";"";"";"9,57";"2025-04-24"
"Towar";"szt";23%;"KOSZLUX";"KOSZULE ROBOCZE FLANELOWE";"35,77";"";"";"20,65";"2026-01-15"
"Towar";"szt";23%;"KAMKORMORAN";"KAMIZELKA  ALBATROS OCIEPLANA";"75,61";"";"";"51,58";"2025-02-20"
"Towar";"szt";23%;"KURSYBERIA";"KURTKA ZIMOWA SYBERIA";"65,04";"";"";"47,36";"2017-11-09"
"Towar";"par";23%;"OGRBISTER";"OGRODNICZKI OCHRONNE LH-BISTER";"90,24";"";"";"72,33";"2019-07-11"
"Towar";"par";23%;"SPVOBSTER";"SPODNIE OCHRONNE DO PASA VOBSTER";"78,86";"";"";"57,65";"2019-07-11"
"Towar";"szt";23%;"KURKPNP";"KURTKA PRZECIWDESZCZOWA KPNP";"29,27";"";"";"18,66";"2025-10-18"
"Towar";"szt";23%;"FCWO";"FARTUCH LH - FOOD - CWO FARTUCH";"62,60";"";"";"47,01";"2019-09-02"
"Towar";"szt";23%;"SPPFOOD";"LH-FOOD_TRO - SPODNIE OCHRONNE DO PASA";"53,66";"";"";"40,62";"2022-09-14"
"Towar";"par";23%;"BGMMAXX";"KALOSZE MÊSKIE MAXX S3,S4";"78,86";"";"";"55,25";"2025-10-22"
"Towar";"szt";23%;"CZPKOL";"CZAPKA DRELICHOWA";"8,13";"";"";"2,46";"2025-08-12"
"Towar";"szt";23%;"SPPROF";"PROFESSIONAL SPODNIE PAS";"59,34";"";"";"36,64";"2026-01-15"
"Towar";"par";23%;"R-TEL.A";"RTELA ,4WRK SHAMAL,1003, RWNYL REKAWICE OCHRONNE";"2,36";"";"";"0,82";"2025-11-14"
"Towar";"szt";23%;"OGRPROF";"SPODNIE NA SZELKACH PROFFESIONAL";"71,54";"";"";"43,04";"2025-08-12"
"Towar";"szt";23%;"ZACZEP TAŒ";"ZACZEP TAŒMOWY";"41,95";"";"";"33,56";"2012-07-26"
"Towar";"par";23%;"R-RBIVEX";"RBI-VEX RÊKAWICE OCHRONNE";"8,94";"";"";"5,50";"2025-05-23"
"Towar";"szt";23%;"BLPROF";"PROFESJONAL KURTKA";"61,79";"";"";"42,09";"2025-12-02"
"Towar";"par";23%;"TRZSPAW";"115S1 WELD OBUWIE BEZPIECZNE Z METALOWYM PODNOSKIEM,BWE";"80,48";"";"";"48,69";"2025-12-18"
"Towar";"par";23%;"TRZU";"OBUWIE BEZPIECZNE101SB,LONG LIFE,4WRK ALGOL";"60,98";"";"";"32,30";"2025-12-18"
"Towar";"par";23%;"BGDLUNA";"KALOSZ M£ODZIE¯OWY LUNA,LAURA werona";"60,98";"";"";"44,20";"2024-10-07"
"Towar";"szt";23%;"BLBR";"LHHCL BLUZA D£ RÊKAW";"56,91";"";"";"42,37";"2025-05-13"
"Towar";"szt";23%;"SPBM";"spodnie bojowki moro";"56,10";"";"";"33,89";"2025-05-15"
"Towar";"par";23%;"TRZUOÆ";"OBUWIE 106 SB I OB BEZPIECZNE Z METALOWYM PODNOSKIEM 106SB OCIEPLANE";"71,54";"";"";"33,47";"2025-12-18"
"Towar";"szt";23%;"POLAR OC";"POLAR KURTKA ZIMOWA";"117,89";"";"";"80,02";"2023-12-07"
"Towar";"kompl";23%;"UBRCOMFODBL";"UBRANIE COMFORT ZIELONE,ORANGE,SZARE,BLUE";"77,23";"";"";"44,94";"2024-09-18"
"Towar";"szt";23%;"CZAPDZIANA";"CZAPKA BAWE£NIANA CZBAW-HOTB OCIEPLANA";"13,01";"";"";"9,52";"2018-11-21"
"Towar";"par";23%;"TRZU102S1";"OBUWIE 102 S3 BEZPIECZNE Z METALOWYM PODNOSKIEM 102S1, S3";"101,63";"";"";"54,32";"2025-11-14"
"Towar";"szt";23%;"FARTUCH M017";"FARTUCH DAMSKI M-017A";"37,39";"";"";"26,00";"2022-12-08"
"Towar";"szt";23%;"FARTUCH M023";"FARTUCH DAMSKI M-023A";"46,34";"";"";"30,00";"2025-08-29"
"Towar";"szt";23%;"ZAPASKA M130";"FARTUCH PRZEDNI OCHRONNY M-130";"33,33";"";"";"25,00";"2025-02-20"
"Towar";"par";23%;"R-TEPO";"R-TEPO RÊKAWICE OCHRONNE, RNYPU BLACK";"2,36";"";"";"0,99";"2025-12-18"
"Towar";"szt";23%;"WK£ADKI MROZOOD";"WK£ADKI DO BUTÓW INSTERMA";"7,32";"";"";"2,73";"2025-11-26"
"Towar";"par";23%;"BPÓ£U207SB";"207SB URGENT OBUWIE BEZPIECZNE Z METALOWYM PODNOSKIEM";"97,56";"";"";"54,32";"2024-04-10"
"Towar";"par";23%;"BPÓ£9010";"PÓ£BUT  OCHRONNYI 7020, 9-010-6166";"146,34";"";"";"114,75";"2022-01-31"
"Towar";"szt";23%;"MIARA ZWIJANA";"MIARA ZWIJANA";"6,50";"";"";"3,76";"2024-12-05"
"Towar";"szt";23%;"ZNAK BEZP 1";"ZNAK BEZPIECZEÑSTWA";"2,44";"";"";"1,67";"2014-07-09"
"Towar";"szt";23%;"ZNAK BEZP 2";"ZNAK BEZPIECZEÑSTWA";"4,72";"";"";"3,46";"2014-07-09"
"Towar";"par";23%;"TRZ9002";"TRZEWIK OCHRONNY MÊSKI 9-002/S2-SRC/6256";"161,78";"";"";"129,20";"2024-05-09"
"Towar";"par";23%;"BSU305";"OBUWIE 305S1 BEZPIECZNE Z METALOWYM PODNOSKIE ";"93,50";"";"";"53,35";"2025-08-14"
"Towar";"par";23%;"R-MICRO";"RMICRO RÊKAWICE OCHRONNE";"2,68";"";"";"1,57";"2023-09-01"
"Towar";"par";23%;"WK£ FILC";"FILC IMPREGNOWANY WK£. DO OBUWIA";"3,66";"";"";"1,25";"2025-12-03"
"Towar";"szt";23%;"WK£ADKI";"WK£ADKI DO BUTÓW ALOES";"4,87";"";"";"2,26";"2023-07-19"
"Towar";"par";23%;"TRAMPKI";"BTRAMPER BUTY TRAMPKI";"18,70";"";"";"15,00";"2018-12-08"
"Towar";"par";23%;"R-NITVEX";"RÊKAWICE OCHRONNE";"8,94";"";"";"6,17";"2026-01-02"
"Towar";"par";23%;"R-VIBRA";"VIBRATION RÊKAWICE OCHRONNE";"26,83";"";"";"20,64";"2018-11-08"
"Towar";"par";23%;"TRZU120SB";"OBUWIE 120SB, 126SB BEZPIECZNE";"143,90";"";"";"89,24";"2025-09-17"
"Towar";"par";23%;"BGPREDIATOR";"KALOSZ MÊSKI PREDATOR";"86,99";"";"";"59,50";"2025-10-15"
"Towar";"par";23%;"TRZUO";"OBUWIE BEZPIECZNE112SB,ob BWPUOC";"97,56";"";"";"46,56";"2025-12-03"
"Towar";"par";23%;"R-RLAFO";"RLAFO RÊKAWICE OCHRONNE";"7,32";"";"";"4,73";"2025-10-27"
"Towar";"szt";23%;"KAMLEŒNIK";"KAMIZELKA LEŒNIK";"60,97";"";"";"49,39";"2023-10-20"
"Towar";"par";23%;"NAKWK£ADKI";"NAKOLANNIKI WK£ADY";"17,89";"";"";"7,71";"2025-04-24"
"Towar";"par";23%;"BCA";"BCA BUTY BEZPIECZNE";"80,49";"";"";"64,24";"2015-06-05"
"Towar";"par";23%;"BSU303";"OBUWIE 303S1 BEZPIECZNE Z METALOWYM PODNOSKIEM";"77,24";"";"";"60,14";"2023-03-27"
"Towar";"par";23%;"WK£ADKI PLASTIK";"WK£ADKI DO BUTÓW BR-INS-WO";"6,50";"";"";"4,34";"2024-12-05"
"Towar";"par";23%;"BGNIT BIEL";"BNIT BUTY Z NITRYLU I PCV";"30,89";"";"";"20,93";"2015-07-29"
"Towar";"par";23%;"ZATYCZKI";"ZATYCZKI przeciw ha³asowe";"1,22";"";"";"0,55";"2023-06-19"
"Towar";"par";23%;"PIERŒCIEÑ";"PIERŒCIEÑ DOCISKOWY DO PÓ£M. SECYRA 2000";"7,97";"";"";"6,32";"2012-09-25"
"Towar";"szt";23%;"KURFLASH";"KURTKA FLASH, HSV,BOMBER YELLOW";"121,14";"";"";"55,29";"2025-12-03"
"Towar";"par";23%;"R-NIT¯";"RÊKAWICE NITRYLOWE R-NIT¯ ¯Ó£TE OCHRONNE";"4,50";"";"";"2,72";"2025-11-26"
"Towar";"par";23%;"R-NITNIEB.";"RÊKAWICE NITRYLOWE NIEBIESKIE,dabster";"6,91";"";"";"3,50";"2025-06-06"
"Towar";"szt";23%;"TAŒMA200";"TAŒMA 200M OSTRZEG.";"13,01";"";"";"6,95";"2025-11-12"
"Towar";"par";23%;"R-DRAG";"DRAGON OCIEPLANE RÊKAWICE OCHRONNE";"4,07";"";"";"2,10";"2025-02-20"
"Towar";"par";23%;"SPCLASSIC";"SPODNIE CLASSIC";"52,84";"";"";"31,91";"2025-11-25"
"Towar";"szt";23%;"BMW";"BLUZA OCHRONNA BIA£A MASTER";"48,78";"";"";"34,78";"2024-07-05"
"Towar";"kompl";23%;"KOMP/D3";"KPLPU  KOMPLET  P/DESZCZOWY";"105,69";"";"";"58,13";"2014-05-02"
"Towar";"par";23%;"BSU301";"OBUWIE BEZPIECZNE 301s1, 301ob, bryes";"62,60";"";"";"42,68";"2024-04-10"
"Towar";"kompl";23%;"UBRMASTER";"UBRANIE MASTER GREY,BLUE";"86,99";"";"";"54,79";"2024-02-23"
"Towar";"szt";23%;"KIESZEÑ";"KIESZEÑ NA NARZÊDZIA";"3,25";"";"";"1,99";"2013-07-30"
"Towar";"par";23%;"TRZU101OB";"TRZEWIKI 101OB,LONGSAFE, 4WRK ALGOL";"60,97";"";"";"30,65";"2025-12-18"
"Towar";"par";23%;"R-PCVKR";"RÊKAWICE PCV KRÓTKIE 1030";"5,70";"";"";"2,58";"2025-10-22"
"Towar";"par";23%;"BKLAPK I";"BUTY ZAWODOWE KLAPKI BMKLADZPADAM";"100,81";"";"";"62,28";"2026-01-21"
"Towar";"par";23%;"SPMMS";"SPODNIE MMSPNB OCHRONNE DO PASA";"47,97";"";"";"21,68";"2024-07-05"
"Towar";"par";23%;"R-LATE";"LATEFOM RÊKAWICE OCHRONNE";"7,72";"";"";"5,54";"2023-05-10"
"Towar";"par";23%;"BPÓ£201OB";"OBUWIE ZAWODOWE BEZ PODNOSKA 201, BPO01";"60,16";"";"";"32,11";"2025-12-18"
"Towar";"par";23%;"BPÓ£212";"OBUWIE BEZPIECZNE 212S1";"101,62";"";"";"45,40";"2025-12-03"
"Towar";"par";23%;"SPKRÓTKIE";"SPODNIE KRÓTKIE CLASSIC. PROFFESSIONAL, CERBER";"44,72";"";"";"24,71";"2025-07-16"
"Towar";"par";23%;"BPÓ£241";"PÓ£BUT241URGENT ROBOCZE";"101,62";"";"";"53,35";"2025-12-03"
"Towar";"par";23%;"BGD";"BUTY GUMOWE DAMSKIE YOUNG, RAINNY";"34,15";"";"";"23,80";"2025-10-15"
"Towar";"szt";23%;"F023";"FARTUCH M023 STYLON";"21,95";"";"";"13,00";"2025-07-09"
"Towar";"szt";23%;"POLAR I";"POLAR";"69,11";"";"";"42,80";"2025-12-01"
"Towar";"szt";23%;"SPCOMFORD";"SPODNIE COMFORT,";"37,39";"";"";"19,84";"2026-01-15"
"Towar";"szt";23%;"CHUSTA";"CHUSTA P£ÓCIENNA";"5,69";"";"";"3,00";"2025-08-14"
"Towar";"par";23%;"R-FLOW";"RÊKAWICE GOSPODARCZE GOSPFLOW";"2,84";"";"";"1,99";"2020-08-06"
"Towar";"par";23%;"SPRP";"SPODNIE PRZECIWDESZCZOWE";"39,83";"";"";"24,17";"2025-11-12"
"Towar";"szt";23%;"KUR KPR";"KURTKA PRZECIWDESZCZOWA KPR PU";"79,67";"";"";"40,30";"2025-11-12"
"Towar";"par";23%;"R-BLUEGRIP";"RÊKAWICE ROBOCZE RGRIPBLUE";"10,56";"";"";"6,05";"2025-09-17"
"Towar";"par";23%;"R-¯ABA";"RÊKAWICE ¯ABA";"5,70";"";"";"5,00";"2014-12-02"
"Towar";"par";23%;"SPMONTER";"SPODNIE MONTER";"69,11";"";"";"47,32";"2019-06-06"
"Towar";"par";23%;"OGRCLASSIC";"OGRODNICZKI CLASSIC";"64,22";"";"";"35,77";"2025-08-12"
"Towar";"par";23%;"BPÓ£214";"OBUWIE ZAWODOWE 214 S1";"94,30";"";"";"50,93";"2025-12-18"
"Towar";"par";23%;"BPÓ£212OB";"OBUWIE ZAWODOWE  BEZ PODNOSKA";"101,62";"";"";"48,99";"2025-12-03"
"Towar";"par";23%;"TRZ 9072 S3";"trzewik ochronny mêski9072 /S3";"77,24";"";"";"54,40";"2018-11-07"
"Towar";"szt";23%;"OKG1";"GOGLE  OCHRONNE SPLASH";"7,32";"";"";"2,89";"2021-11-08"
"Towar";"par";23%;"R-ANTYP";"RÊKAWICE ANTYPRZECIÊCIOWE, COVENT";"10,00";"";"";"6,84";"2023-06-02"
"Towar";"szt";23%;"MIARA5M";"MIARA ZWIJANA 5M";"15,85";"";"";"11,37";"2023-06-19"
"Towar";"par";23%;"R-SAN";"SANDOILWIN RÊKAKAWICE OCHRONNE";"17,07";"";"";"12,55";"2023-03-29"
"Towar";"szt";23%;"CZAPKOM";"CZAPKA KOMINIARKA";"17,89";"";"";"6,34";"2022-12-01"
"Towar";"par";23%;"R-NYPOFIN";"RÊKAWICE OCHRONNE  NYPO FIN";"1,95";"";"";"0,74";"2025-11-26"
"Towar";"par";23%;"BPO£318";"PÓ£BUTY ZAWODOWE 318";"146,34";"";"";"88,48";"2023-09-27"
"Towar";"par";23%;"TRZ123";"TRZEWIK ZAWODOWY 123";"117,89";"";"";"88,72";"2022-12-21"
"Towar";"szt";23%;"MP/G";"PÓ£MASKA 12/5 SILIKON GAZ";"99,18";"";"";"73,46";"2022-04-21"
"Towar";"par";23%;"R-GARD";"RÊKAWICE OCHRONNE COVENT, GARDEN";"3,17";"";"";"1,13";"2023-06-02"
"Towar";"szt";23%;"BLCLAS";"KURTKA CLASSIK";"47,97";"";"";"35,90";"2025-11-25"
"Towar";"par";23%;"R-KWASO";"RÊKAWICE KWAS SOL-VEX";"9,75";"";"";"6,84";"2022-04-22"
"Towar";"par";23%;"R-DRAGON";"RÊKAWICE OCHRONNE DRAGON";"4,87";"";"";"3,61";"2021-10-20"
"Towar";"par";23%;"R-RGSJ";"RÊKAWICE OCHRONNE RGSJ";"3,58";"";"";"2,41";"2018-12-13"
"Towar";"par";23%;"R-H";"RÊKAWICE OCHRONNE RAHYNKC";"9,27";"";"";"7,42";"2016-12-31"
"Towar";"szt";23%;"N3";"OPTIME 3 OCHRONNIKI S£UCHU";"94,30";"";"";"70,87";"2020-06-01"
"Towar";"par";23%;"BS310";"OBUWIE BEZPIECZNE 310S1";"101,62";"";"";"63,05";"2025-04-03"
"Towar";"par";23%;"BPÓ£205OB";"OBUWIE 205S1 I OB ZAWODOWE O CHOLEWKACH SKÓRZANYCH";"86,99";"";"";"42,68";"2025-08-14"
"Towar";"szt";23%;"FARBREZ";"FARTUCH BREZENT";"15,85";"";"";"12,72";"2017-06-12"
"Towar";"szt";23%;"AMORTYZ";"AMORTYZATOR BEZPIECZYÑSTWA";"97,56";"";"";"87,64";"2017-09-21"
"Towar";"par";23%;"TRZU120OB";"OBUWIE 120OB 126OB ZAWODOWE O CHOLEWKACH SKÓRZANYCH";"143,90";"";"";"82,45";"2025-12-18"
"Towar";"par";23%;"BGFARMER";"KALOSZE MÊSKIE FARMER,";"69,11";"";"";"49,30";"2025-10-15"
"Towar";"par";23%;"SPMASTER";"SPODNIE MASTER DO PASA";"37,39";"";"";"9,56";"2026-01-15"
"Towar";"par";23%;"R-DRIVER";"RÊKAWICE OCHRONNE R-TOPPER";"11,38";"";"";"5,97";"2026-01-15"
"Towar";"par";23%;"R-RSL";"RÊKAWICE SPAWALNICZE RSL";"9,76";"";"";"6,45";"2023-06-20"
"Towar";"szt";23%;"TORNAN";"PAS MONTERSKI TORNAN";"19,51";"";"";"12,41";"2021-10-20"
"Towar";"szt";23%;"TORNAN DOUBLE";"TORNAN DOUBLE PAS MONTERSKI";"44,72";"";"";"31,57";"2021-10-20"
"Towar";"szt";23%;"SPP/D";"SPODNIE SPR PRZECIWDESZCZOWE";"21,06";"";"";"10,00";"2019-07-01"
"Towar";"par";23%;"R-JM140";"rêkawice ochronneJM140";"2,03";"";"";"0,84";"2018-02-28"
"Towar";"par";23%;"R-RECORANGE";"RÊKAWICE RECORANGE RGSP, OCHRONNE";"3,66";"";"";"2,62";"2024-03-26"
"Towar";"szt";23%;"ZAPKOL";"FARTUCH TYPU ZAPASKA KOLOR";"22,77";"";"";"13,00";"2025-09-16"
"Towar";"szt";23%;"ZAPKOL1";"FZAP-2K90/65 FARTUCH TYPU ZAPASKA";"32,52";"";"";"22,24";"2025-05-30"
"Towar";"szt";23%;"PASPROF";"PASEK PROFESJONAL";"24,39";"";"";"12,31";"2025-11-25"
"Towar";"par";23%;"BPÓ£224";"OBUWIE BEZPIECZNE 224 S1 Z METALOWYM PODNOSKIEM";"112,19";"";"";"52,66";"2025-12-18"
"Towar";"szt";23%;"KUREXPERT";"KURTKA EXPERT WIN";"108,13";"";"";"70,54";"2021-09-16"
"Towar";"szt";23%;"MASMIDI";"MASKA MASMIDI";"25,20";"";"";"19,00";"2018-12-31"
"Towar";"par";23%;"R-RECOWIN";"RECOWINDRAG RÊKAWICE OCHRONNE OCIEPLANE";"4,87";"";"";"2,22";"2020-11-09"
"Towar";"szt";23%;"KAMURG";"BEZRÊKAWNIK BR-1430";"69,11";"";"";"42,20";"2024-10-22"
"Towar";"szt";23%;"POLARODBLASK";"POLAR ODBLASK ORANGE,YELLOW POLSTIP";"83,74";"";"";"45,46";"2026-01-22"
"Towar";"szt";23%;"P£ASZCZ PD";"P£ASZCZ PRZECIWDESZCZOWY PPN";"36,58";"";"";"19,95";"2025-11-12"
"Towar";"szt";23%;"CZAPPROF";"CZAPKA PROFESSIONAL,CLASSIC";"9,76";"";"";"4,99";"2025-12-12"
"Towar";"szt";23%;"F146E";"FARTUCH M-146E STYLON";"28,46";"";"";"18,00";"2025-11-20"
"Towar";"szt";23%;"PAS";"PAS ANTYURAZOWY";"31,70";"";"";"22,49";"2020-06-17"
"Towar";"par";23%;"R-KWASSZOR";"RÊKAWICE KWASODOPORNE SZORSTKIE";"21,95";"";"";"16,31";"2019-07-11"
"Towar";"szt";23%;"OK";"OKULARY OCHRONNE MCR-CKECKLITE-T";"6,50";"";"";"2,97";"2023-01-16"
"Towar";"szt";23%;"T-SHIRTODBLASK";"KOSZULKA T-SHIRT POMARAÑCZOWA Z ODBLASKIEM, URG-HV";"30,08";"";"";"18,96";"2025-07-16"
"Towar";"szt";23%;"KURCLASSHORT";"KURTKA CLASSIC OCIEPLANA SHORT";"117,07";"";"";"87,11";"2026-01-23"
"Towar";"szt";23%;"OGRODBLASK";"SPODNIE OGRODNICZKI ODBLASK HSV";"80,49";"";"";"60,14";"2019-10-31"
"Towar";"szt";23%;"P£ASZCZ";"P£ASZCZ PPR-PU POLIURETAN";"96,75";"";"";"67,74";"2024-02-15"
"Towar";"par";23%;"R-FROSEY";"RFROSEY RÊKAWICE GOSPODARCZE OCHRONNE";"2,03";"";"";"1,31";"2020-01-09"
"Towar";"par";23%;"R-LTOPER";"RLTOPER GREEN RÊKAWICE OCHRONNE";"13,82";"";"";"6,38";"2022-06-03"
"Towar";"szt";23%;"RÊCZ70/140";"RÊCZNIK 70/140 FROTTE";"29,27";"";"";"22,58";"2023-12-15"
"Towar";"par";23%;"SPPROFREF";"SPODNIE REF-PROFESSIONAL";"62,60";"";"";"40,40";"2026-01-22"
"Towar";"szt";23%;"F4440";"FARTUCH OCHRONNY3M FLAB";"0,00";"";"";"14,35";"2020-02-20"
"Towar";"par";23%;"OGRMMS";"OGRODNICZKI MMS OCHRONNE";"60,97";"";"";"30,99";"2024-07-05"
"Towar";"par";23%;"BPÓ£261S1";"OBUWIE BEZPIECZNE 261S1 Z METALOWYM NOSKIEM";"130,08";"";"";"80,51";"2025-12-18"
"Towar";"par";23%;"R-NORTEX";"RNORTEX RÊKAWICE OCIEPLANE";"12,20";"";"";"9,08";"2023-11-28"
"Towar";"szt";23%;"TASMA 100";"TAŒMA 100M";"5,69";"";"";"3,88";"2021-06-17"
"Towar";"szt";8%;"APT";"APTECZKA DIN";"33,33";"";"";"23,77";"2025-10-18"
"Towar";"par";23%;"R-TOPEX";"RÊKAWICE TOPEX";"8,05";"";"";"4,44";"2024-01-04"
"Towar";"szt";23%;"KURSOFT";"KURTKA PROFESSIONAL CLASSIC -ONE SOFTSHELL";"104,07";"";"";"73,58";"2025-11-25"
"Towar";"szt";23%;"FPCV";"FARTUCH WODOODPORNY PROS120/120B";"50,40";"";"";"35,10";"2024-09-19"
"Towar";"szt";23%;"SP CL-VIS JELL";"SPODNIE CL-VIS JELLO";"78,04";"";"";"45,77";"2025-05-21"
"Towar";"szt";23%;"R-PCY60";"RÊKAWICE PCV 60";"9,76";"";"";"7,81";"2021-04-13"
"Towar";"szt";23%;"MPZAWÓR";"PÓ£MASKA P.PY£ P1 ZAWÓR";"3,17";"";"";"2,20";"2025-09-22"
"Towar";"par";23%;"R-RWNYL";"R-RWNYL FOAM RÊKAWICE OCHRONNE";"2,85";"";"";"1,28";"2025-08-12"
"Towar";"par";23%;"TRZ114";"OBUWIE 114S1 BEZPIECZNE Z METALOWYM PODNOSKIEM";"117,89";"";"";"67,90";"2025-12-18"
"Towar";"szt";8%;"R-L 8";"RÊKAWICE  RLATEX 8";"37,39";"";"";"27,98";"2022-04-07"
"Towar";"par";23%;"BPÓ£ANTYS1";"PÓ£BUTY ZAWODOWE 1128P I OB ANTYBAKTERYJNE";"158,54";"";"";"117,00";"2025-10-28"
"Towar";"szt";23%;"KURLEADER";"KURTKA LEADER";"109,75";"";"";"77,17";"2021-12-21"
"Towar";"szt";23%;"CZAPBAW1";"CZAPKA DZIANA";"12,19";"";"";"3,43";"2025-01-24"
"Towar";"szt";23%;"KAMCLASSTOP";"CLASS TOP BEZRÊKAWNIK";"80,49";"";"";"66,91";"2023-10-20"
"Towar";"szt";23%;"POLAR BI";"POLAR BI GREY";"77,24";"";"";"44,26";"2026-01-22"
"Towar";"szt";23%;"FDR";"FARTUCH MASTER MÊSKI";"50,40";"";"";"30,54";"2025-12-02"
"Towar";"szt";23%;"TASMA 500";"TAŒMA 500";"34,15";"";"";"18,31";"2025-10-27"
"Towar";"szt";23%;"CZAPBAW2";"CZAPKA CZABAW-THINSUL";"14,63";"";"";"6,64";"2024-10-17"
"Towar";"par";23%;"BPÓ£261OB";"PÓ£BUTY 261OB BEZ PODNOSKA";"130,08";"";"";"80,51";"2024-11-19"
"Towar";"par";23%;"R-RHOT";"RHOTPINK RÊKAWICE OCHRONNE";"3,66";"";"";"2,55";"2023-02-22"
"Towar";"par";23%;"TRZ121";"TRZEWIKI OCHRONNE 121 S1, OB";"168,29";"";"";"95,06";"2025-10-29"
"Towar";"szt";8%;"APT1";"APTECZKA WIESZAK";"55,46";"";"";"40,00";"2025-10-18"
"Towar";"szt";23%;"OGRVIS";"OGRODNICZKI CLASSIC VIS YELLOW";"85,36";"";"";"56,45";"2026-01-22"
"Towar";"szt";23%;"PASTA DOBUTÓW";"PASTA NAB£YSZCZAJ¥CA DO BUTÓW";"6,91";"";"";"4,55";"2024-03-26"
"Towar";"par";23%;"SPPROFCZARNE";"SPODNIE PROFESSIONAL BLACK";"60,16";"";"";"39,41";"2025-10-18"
"Towar";"szt";23%;"SPKRMONT";"SPODNIE CLASSIC KRÓTKIE MONT";"47,96";"";"";"30,52";"2022-05-30"
"Towar";"szt";23%;"SPZAKOLANO";"SPODNIE CLASSIC ZA KOLANO";"47,97";"";"";"35,08";"2023-06-30"
"Towar";"par";23%;"SPCAMOU";"SPODNIE CLASSIC CAMOU MORO, FORECO";"64,23";"";"";"31,51";"2025-12-01"
"Towar";"par";23%;"SPSLIM";"SPODNIE CLASSIC SLIM STRECH";"95,12";"";"";"58,00";"2025-11-12"
"Towar";"par";23%;"BPÓ£AIRVENT";"BUTY AIRVENT MF, 01";"104,88";"";"";"72,55";"2026-01-15"
"Towar";"par";23%;"BPÓ£216";"OBUWIE 216S1 Z METALOWYM PODNOSKIEM";"104,87";"";"";"48,50";"2025-05-21"
"Towar";"szt";23%;"FURA¯ERKA";"FURA¯ERKA";"21,14";"";"";"13,99";"2025-08-29"
"Towar";"par";23%;"R-ANSEL";"RÊAKWICE OCHRONNE RAECONOH87-190";"3,90";"";"";"2,82";"2024-05-13"
"Towar";"szt";23%;"R-TOPERMESH";"RÊKAWICE OCHRONNE RTOPER MESH";"7,31";"";"";"3,49";"2024-02-23"
"Towar";"par";23%;"BKLAP";"BCPOINT KLAPKI, CHODAKI";"23,58";"";"";"20,92";"2025-05-23"
"Towar";"szt";23%;"BPÓ£BP";"BUTY BPZSB";"81,30";"";"";"44,35";"2023-05-31"
"Towar";"szt";23%;"KURTOPJACK";"KURTKA TOP JACK GREY/BLACK";"105,69";"";"";"66,21";"2023-10-20"
"Towar";"szt";8%;"R-LAT";"RÊKAWICE LATEX";"20,83";"";"";"12,50";"2022-12-27"
"Towar";"szt";23%;"R-J";"RÊKAWICE OCHRONNE JAPAN";"28,45";"";"";"19,92";"2024-12-05"
"Towar";"szt";23%;"SPCLASSICWHITE";"SPODNIE BIA£E CLASSIC WHITE";"61,79";"";"";"43,62";"2023-01-20"
"Towar";"szt";23%;"SPPROFMONT";"SPODNIE MONT PROFESSIONAL";"56,09";"";"";"34,96";"2023-01-20"
"Towar";"szt";23%;"TRZ125S1";"TRZEWIKI OCHRONNE 125S1";"169,10";"";"";"116,40";"2024-01-12"
"Towar";"szt";23%;"BPÓ£203S1";"OBUWIE BEZPIECZNE 203S1 Z METALOWYM PODNOSKIEM";"89,43";"";"";"48,50";"2025-05-21"
"Towar";"szt";23%;"BPÓ£203OB";"OBUWIE ZAWODOWE 203OB";"89,43";"";"";"41,71";"2025-09-17"
"Towar";"szt";23%;"BLEUROCL";"BLUZA EUROCLASSIC KURTKA";"60,16";"";"";"44,84";"2024-04-10"
"Towar";"szt";23%;"SPEUROCLAS";"SPODNIE EUROCLASSIC PAS";"58,53";"";"";"36,52";"2024-12-05"
"Towar";"szt";23%;"WK£ADKI ANBA";"WK£ADNKI ANTYPOTNE ANBA";"6,50";"";"";"2,95";"2025-12-12"
"Towar";"szt";23%;"SPBRIXTON";"SPODNIE BRIXTON PRACTICAL";"109,75";"";"";"67,94";"2025-03-14"
"Towar";"szt";23%;"BPÓ£MAXPOP";"MAX POPULAR PÓ£BUT RED S1";"113,82";"";"";"71,09";"2024-09-11"
"Towar";"szt";23%;"BPÓ£BTEX";"PÓ£BUTY BTEX";"100,81";"";"";"63,84";"2026-01-22"
"Towar";"szt";23%;"BGD1";"BUTY GUMOWE DAMSKIE Z PCV";"43,09";"";"";"28,72";"2025-06-03"
"Towar";"szt";23%;"BPÓ£FLUO";"BUTY FLUO X250";"68,29";"";"";"40,05";"2025-11-25"
"Towar";"szt";23%;"SPFLEXER";"SPODNIE FLEXER DRESOWE";"77,23";"";"";"55,28";"2025-05-09"
"Towar";"szt";23%;"CZEPEK1";"CZEPEK JEDNORAZOWY";"0,41";"";"";"0,07";"2023-06-20"
"Towar";"szt";23%;"R-RBI";"RÊKAWICE RBI BIALE";"2,03";"";"";"1,28";"2023-06-20"
"Towar";"szt";23%;"R-ARDON";"REKAWICE ARDON, PETRAX Z ZAWIESZK¥";"6,91";"";"";"5,30";"2025-04-28"
"Towar";"szt";23%;"SPFORECO";"SPODNIE FORECO";"60,97";"";"";"25,48";"2025-08-14"
"Towar";"szt";23%;"SPPBLACK";"SPODNIE PIEKARSKIE BLACK";"39,02";"";"";"25,00";"2025-09-16"
"Towar";"szt";23%;"R-DRELICH";"R-DRELICH BIA£E";"1,63";"";"";"1,12";"2023-08-22"
"Towar";"szt";23%;"WK£WÊGIEL";"WK£ADKI Z WÊGLEM AKTYWNYM";"4,88";"";"";"2,19";"2025-09-17"
"Towar";"szt";23%;"CZEPEK";"CZEPEK";"19,51";"";"";"12,00";"2025-07-09"
"Towar";"szt";23%;"BPÓ£LONGLIFE";"PÓ£BUTY LONG SAFE-P SB";"69,11";"";"";"40,20";"2025-11-12"
"Towar";"szt";23%;"CHODAK";"CHODAK D-39, KALOSZ";"28,46";"";"";"20,33";"2023-10-05"
"Towar";"szt";23%;"KURY263";"KURTKA OCIEPLANA MÊSKA Y-263,";"109,75";"";"";"68,39";"2025-12-03"
"Towar";"szt";23%;"KURY8365";"KURTKA OCIEPLANA YELLOW Y/8365CLASSWORK YELLOW";"117,88";"";"";"85,36";"2025-12-03"
"Towar";"szt";23%;"R-1020";"RÊKAWICE OCIEPLANE R-1020";"2,85";"";"";"1,66";"2023-11-22"
"Towar";"szt";23%;"R-POL";"RÊKAWICE POLAR RPOLAR";"6,50";"";"";"3,25";"2025-01-24"
"Towar";"szt";23%;"FGAR";"FARTUCH FGARDAM I FGARMES OCHRONNY";"54,47";"";"";"36,97";"2026-01-21"
"Towar";"szt";23%;"R-VINEX";"VINEX REKAWICE VINYLOWE";"18,69";"";"";"1,00";"2025-11-26"
"Towar";"szt";23%;"SPPROCOTTON";"SPODNIE POROCOTTON BAWE£NIANE";"60,16";"";"";"41,85";"2024-01-04"
"Towar";"szt";23%;"CZEPEKSIAT";"CZEPEK SIATECZKOWY";"0,81";"";"";"0,28";"2024-01-12"
"Towar";"szt";23%;"FPCV1";"FARTUCH OCHRONNY";"20,32";"";"";"13,29";"2024-09-13"
"Towar";"szt";23%;"FPRZEDNI";"FARTUCH PRZEDNI";"17,89";"";"";"12,20";"2024-01-19"
"Towar";"szt";23%;"TRZBEAR";"TRZEWIKI BEARFIELD S1 I OB R02";"136,59";"";"";"96,70";"2024-08-22"
"Towar";"szt";23%;"R-RAPTOR";"RÊKAWICE RAPTOR 1065";"3,66";"";"";"1,78";"2025-10-29"
"Towar";"szt";23%;"OK1";"OKULARY ANTI-FOG B507P";"7,32";"";"";"3,32";"2024-09-02"
"Towar";"szt";23%;"BPÓ£234";"PÓ£BUTY Z METALOWYM NOSKIEM 234S1";"120,33";"";"";"84,39";"2025-12-18"
"Towar";"szt";23%;"R-DRIVEX";"RÊKAWICE DRIVEX";"11,38";"";"";"6,02";"2026-01-15"
"Towar";"szt";23%;"SPKREURO";"SPODNIE KRÓTKIE EUROCLASSIC";"51,23";"";"";"38,06";"2024-06-07"
"Towar";"szt";23%;"BPÓ£RAZOR";"PÓ£BUTTY BEZ NOSKA RAZOR";"113,82";"";"";"76,34";"2025-03-14"
"Towar";"szt";23%;"R-NIT¯DABSTER";"RÊKAWICE NITRYLOWE DABSTER ¯Ó£TE";"3,82";"";"";"2,66";"2024-04-22"
"Towar";"szt";23%;"SPKRODBLASK";"SPODENKI KRÓTKIEZ ODBLASKIEM  URGENT";"52,85";"";"";"33,47";"2025-06-18"
"Towar";"szt";23%;"BLARDON";"BLUZA ARDON";"56,00";"";"";"35,23";"2024-06-13"
"Towar";"szt";23%;"OGRARDON";"OGRODNICZKI ARDON";"77,23";"";"";"35,23";"2024-06-13"
"Towar";"szt";23%;"SPROF4DYN";"SPODNIE PROFESSIONAL 4 DYNAMIC";"101,62";"";"";"65,26";"2026-01-22"
"Towar";"szt";23%;"KAMCLASSIC";"KAMIZELKA CLASSIC";"58,53";"";"";"42,24";"2024-05-29"
"Towar";"szt";23%;"R-PCV35";"RÊKAWICE PCV 35CM";"8,05";"";"";"4,75";"2025-11-25"
"Towar";"szt";23%;"RÊCZ70/140 1";"COSMO RÊCZNIK 70/140";"22,77";"";"";"7,78";"2024-07-16"
"Towar";"szt";23%;"SPKRSLIM";"SPODNIE KRÓTKIE SLIM";"65,04";"";"";"44,46";"2026-01-22"
"Towar";"szt";23%;"TRZ109";"TRZEWILI 109S1";"126,01";"";"";"74,69";"2025-10-29"
"Towar";"szt";23%;"R-NITRIO";"R-NITRIO RÊKAWICE NITRYLOWE";"18,70";"";"";"9,26";"2026-01-02"
"Towar";"szt";23%;"SKARPETY";"SKARPETY";"8,05";"";"";"5,80";"2025-06-18"
"Towar";"szt";23%;"BPÓ£249";"PÓ£BUTY 249S1 Z KOMPOZYTOWYM PODNOSKIEM";"101,63";"";"";"66,93";"2025-11-14"
"Towar";"szt";23%;"OCIEPLACZ FARME";"OCIEPLACZ FARMER";"35,77";"";"";"27,00";"2024-10-07"
"Towar";"szt";23%;"R-BAW1";"RÊKAWICE BAWE£NIANE RWKS10";"3,17";"";"";"2,19";"2025-03-17"
"Towar";"szt";23%;"TRZ134S1";"OBUWIE 134S1 Z METALOWYM PODNOSKIEM";"146,34";"";"";"84,39";"2025-10-29"
"Towar";"szt";23%;"BKLAP338";"OBUWIE 338PA- BIA£E";"89,43";"";"";"57,59";"2024-12-05"
"Towar";"szt";23%;"KURHYBRID";"KURTKA HYBRIDSOFT";"113,00";"";"";"80,12";"2024-11-29"
"Towar";"szt";23%;"POLARNEXO";"POLAR NEXO";"77,23";"";"";"55,00";"2025-01-09"
"Towar";"szt";23%;"OGRPROF4DYN";"OGRODNICZKI PROFESSIONAL 4 DYNAMIC";"103,25";"";"";"63,36";"2025-01-09"
"Towar";"szt";23%;"NOZYK";"NO¯YK Z £AMANYM OSTRZEM";"9,75";"";"";"6,30";"2024-12-05"
"Towar";"szt";23%;"BPÓ£250S1";"OBUWIE 250 S1BEZPIECZNE Z NOSKIEM KOMPOZYTOWYM";"101,62";"";"";"64,02";"2025-09-17"
"Towar";"szt";23%;"KURSOFTCLAS";"KURTKA SOFTSHELL CLASSWORK";"109,76";"";"";"77,37";"2026-01-22"
"Towar";"szt";23%;"KURSOFTWINTER";"KURTKA SOFTSHELL WINTER CLASSWORK OCIEPLANA";"138,21";"";"";"104,35";"2025-10-22"
"Towar";"szt";23%;"BPÓ£1171";"PÓ£BUTY1171 ARABOL OB ODBLASKOWY";"152,84";"";"";"112,50";"2025-04-07"
"Towar";"szt";23%;"BPÓ£246";"PÓ£BUTY 246SBZ METALOWYM PODNOSKIEM";"101,62";"";"";"53,25";"2025-04-03"
"Towar";"szt";23%;"BSNEKOTREK";"SANDA£Y NEKO TREK";"93,49";"";"";"64,78";"2025-06-11"
"Towar";"szt";23%;"SPEXO";"SPODNIE EXO DEFINITE DO PASA";"105,69";"";"";"75,22";"2026-01-22"
"Towar";"szt";23%;"OS£ONA";"OS£ONA TWARZY";"39,83";"";"";"16,19";"2025-05-13"
"Towar";"szt";23%;"R-RL¯";"RÊKAWICE RLZ OCHRONNE";"5,29";"";"";"3,83";"2025-05-22"
"Towar";"szt";23%;"OK3M";"3M-00-SF707S OKULARY OCHRONNE";"56,09";"";"";"27,88";"2025-05-23"
"Towar";"szt";23%;"POLAR-SHELL";"POLAR-SHELL BLUZA Z POLARU";"81,30";"";"";"54,14";"2025-05-30"
"Towar";"szt";23%;"R-BAW2";"RÊKAWICE BAWE£NIANE";"3,17";"";"";"2,04";"2025-09-17"
"Towar";"szt";23%;"KOMMICRO";"Kombinezon micro 5/6";"13,82";"";"";"7,53";"2025-07-16"
"Towar";"szt";23%;"NAK¯EL";"NAKOLANNIKI ¯ELOWE";"43,08";"";"";"28,20";"2025-08-12"
"Towar";"szt";23%;"BLKBLACK";"BLUZA PIEKARSKA CZARNA";"43,90";"";"";"27,00";"2025-08-14"
"Towar";"szt";23%;"SZNURÓWKI";"SZNURÓWKI";"3,25";"";"";"1,29";"2025-09-17"
"Towar";"szt";23%;"BPÓ£HARBOR";"BRHARBOR SB PÓ£BUTY BEZPIECZNE";"102,44";"";"";"52,78";"2025-09-17"
"Towar";"szt";23%;"BPÓ£252OB";"PÓ£BUTY 252 OB BEZ NOSKA 01";"100,81";"";"";"64,02";"2025-09-17"
"Towar";"szt";23%;"LINKA";"LINKA BEZPIECZ.LB-100, 1,4m";"109,76";"";"";"81,44";"2025-09-22"
"Towar";"szt";23%;"SZELKI";"SZELKI BEZPIECZ TYP.P-02 M-XL";"182,93";"";"";"137,68";"2025-09-22"
"Towar";"szt";23%;"R-1049";"RÊKAWICE OCIEPLANE 1049 POKKRYTE GUM¥";"5,28";"";"";"2,61";"2025-09-24"
"Towar";"szt";23%;"SPEXOULTIMA";"SPODNIE EXO ULTIMA PAS";"115,45";"";"";"80,29";"2026-01-15"
"Towar";"szt";23%;"SPUNIVERSAL";"SPODNIE UNIWERSAL SOFTSHELL";"97,56";"";"";"64,02";"2025-12-02"
"Towar";"szt";23%;"TRZ113S3";"TRZEWIKI BEZPIECZNE 113S3";"105,69";"";"";"60,14";"2025-11-25"
"Towar";"szt";23%;"SPTERMOAKTYW";"SPODNIE TERMOAKTYWNE";"40,65";"";"";"29,99";"2025-11-26"
"Towar";"szt";23%;"KAPCIE";"kapcie";"23,57";"";"";"16,34";"2025-12-01"
"Towar";"szt";23%;"OPASKA";"OPASKA ODBLASKOWA";"4,87";"";"";"0,93";"2025-12-01"
"Towar";"szt";23%;"TRZ138";"TRZEWIKI OCIEPLANE 138S1";"129,26";"";"";"77,60";"2025-12-18"
"Towar";"szt";23%;"KURCLASSIC-ONE";"kurtka classic one grey";"129,26";"";"";"94,80";"2025-12-08"
"Towar";"szt";23%;"R-RECODRAG";"RECODRAG REKAWICE OCHRONNE";"3,49";"";"";"1,87";"2026-01-02"
"Towar";"szt";23%;"RÊCZ50/90";"RÊCZNIK 50/90 FROTTE";"18,69";"";"";"10,94";"2026-01-21"
"Towar";"szt";23%;"R-SHOWA";"RÊKAWICE R-SHOWA OCHRONNE";"18,69";"";"";"5,86";"2026-01-02"
"Towar";"szt";23%;"R-WAM";"REKAWICE OCHRONNE RW";"1,46";"";"";"0,61";"2026-01-22"
